<?xml version="1.0" encoding="utf-8"?>
<feed xmlns="http://www.w3.org/2005/Atom">
  <title>StormXing</title>
  
  <subtitle>StormXing</subtitle>
  <link href="/atom.xml" rel="self"/>
  
  <link href="http://www.stormxing.com/"/>
  <updated>2017-10-03T06:20:44.381Z</updated>
  <id>http://www.stormxing.com/</id>
  
  <author>
    <name>StormXing</name>
    
  </author>
  
  <generator uri="http://hexo.io/">Hexo</generator>
  
  <entry>
    <title>Git</title>
    <link href="http://www.stormxing.com/2017/10/01/5/"/>
    <id>http://www.stormxing.com/2017/10/01/5/</id>
    <published>2017-10-01T05:52:57.000Z</published>
    <updated>2017-10-03T06:20:44.381Z</updated>
    
    <content type="html"><![CDATA[<p><img src="http://upload-images.jianshu.io/upload_images/5349051-ccf68ff3a5199399.png?imageMogr2/auto-orient/strip%7CimageView2/2/w/1240" alt="Git.png"><a id="more"></a></p><h3 id="Git的使用"><a href="#Git的使用" class="headerlink" title="Git的使用"></a>Git的使用</h3><h4 id="提交文件"><a href="#提交文件" class="headerlink" title="提交文件"></a>提交文件</h4><ul><li><p>初始化仓库</p><figure class="highlight plain"><table><tr><td class="gutter"><pre><div class="line">1</div></pre></td><td class="code"><pre><div class="line">git init</div></pre></td></tr></table></figure></li><li><p>添加文件到暂存区</p><figure class="highlight plain"><table><tr><td class="gutter"><pre><div class="line">1</div></pre></td><td class="code"><pre><div class="line">git add .</div></pre></td></tr></table></figure></li><li><p>提交到分支</p><figure class="highlight plain"><table><tr><td class="gutter"><pre><div class="line">1</div></pre></td><td class="code"><pre><div class="line">git commit -m &apos;提交说明&apos;</div></pre></td></tr></table></figure></li></ul><h4 id="查看"><a href="#查看" class="headerlink" title="查看"></a>查看</h4><figure class="highlight plain"><table><tr><td class="gutter"><pre><div class="line">1</div><div class="line">2</div></pre></td><td class="code"><pre><div class="line">git status   #查看仓库状态</div><div class="line">git diff     #查看修改内容</div></pre></td></tr></table></figure><h4 id="撤销"><a href="#撤销" class="headerlink" title="撤销"></a>撤销</h4><ul><li><p>新的文件未被add<br>直接读取上一次暂存区</p><figure class="highlight plain"><table><tr><td class="gutter"><pre><div class="line">1</div></pre></td><td class="code"><pre><div class="line">git checkout -- .</div></pre></td></tr></table></figure></li><li><p>新的文件已被add<br>直接撤出暂存区</p><figure class="highlight plain"><table><tr><td class="gutter"><pre><div class="line">1</div></pre></td><td class="code"><pre><div class="line">git reset HEAD .</div></pre></td></tr></table></figure></li></ul><h4 id="版本回退"><a href="#版本回退" class="headerlink" title="版本回退"></a>版本回退</h4><ul><li><p>查看版本号</p><figure class="highlight plain"><table><tr><td class="gutter"><pre><div class="line">1</div><div class="line">2</div></pre></td><td class="code"><pre><div class="line">git log</div><div class="line">git reflog</div></pre></td></tr></table></figure></li><li><p>穿越过去</p><figure class="highlight plain"><table><tr><td class="gutter"><pre><div class="line">1</div><div class="line">2</div></pre></td><td class="code"><pre><div class="line">git reset --hard HEAD^ #回退上一次版本</div><div class="line">git reset --hard 版本号</div></pre></td></tr></table></figure></li><li><p>回到未来</p><figure class="highlight plain"><table><tr><td class="gutter"><pre><div class="line">1</div></pre></td><td class="code"><pre><div class="line">git reset --hard 版本号</div></pre></td></tr></table></figure></li></ul><h3 id="分支"><a href="#分支" class="headerlink" title="分支"></a>分支</h3><ul><li><p>查看分支</p><figure class="highlight plain"><table><tr><td class="gutter"><pre><div class="line">1</div></pre></td><td class="code"><pre><div class="line">git branch</div></pre></td></tr></table></figure></li><li><p>创建分支</p><figure class="highlight plain"><table><tr><td class="gutter"><pre><div class="line">1</div></pre></td><td class="code"><pre><div class="line">git branch 分支名</div></pre></td></tr></table></figure></li><li><p>切换分支</p></li></ul><figure class="highlight plain"><table><tr><td class="gutter"><pre><div class="line">1</div></pre></td><td class="code"><pre><div class="line">git checkout 分支名</div></pre></td></tr></table></figure><figure class="highlight plain"><table><tr><td class="gutter"><pre><div class="line">1</div><div class="line">2</div></pre></td><td class="code"><pre><div class="line">git checkout -b 分支名 </div><div class="line">#组合命令，创建并切换到新分支</div></pre></td></tr></table></figure><ul><li><p>合并分支<br>先切换到主分支</p><figure class="highlight plain"><table><tr><td class="gutter"><pre><div class="line">1</div><div class="line">2</div></pre></td><td class="code"><pre><div class="line">git merge a </div><div class="line">#将a分支的内容合并到主分支</div></pre></td></tr></table></figure></li><li><p>删除分支</p><figure class="highlight plain"><table><tr><td class="gutter"><pre><div class="line">1</div><div class="line">2</div><div class="line">3</div><div class="line">4</div></pre></td><td class="code"><pre><div class="line">git branch -d name</div><div class="line">#删除已合并过的分支</div><div class="line">git branch -D name</div><div class="line">#强制删除未合并过的分支</div></pre></td></tr></table></figure></li></ul><h3 id="版本标签"><a href="#版本标签" class="headerlink" title="版本标签"></a>版本标签</h3><p>为版本库添加标签</p><ul><li><p>新建标签</p><figure class="highlight plain"><table><tr><td class="gutter"><pre><div class="line">1</div><div class="line">2</div></pre></td><td class="code"><pre><div class="line">git tag v1.0</div><div class="line">#新建标签v1.0</div></pre></td></tr></table></figure></li><li><p>切换到标签</p><figure class="highlight plain"><table><tr><td class="gutter"><pre><div class="line">1</div></pre></td><td class="code"><pre><div class="line">git checkout v1.0</div></pre></td></tr></table></figure></li><li><p>删除标签</p><figure class="highlight plain"><table><tr><td class="gutter"><pre><div class="line">1</div></pre></td><td class="code"><pre><div class="line">git tag -d v1.0</div></pre></td></tr></table></figure></li></ul><h3 id="Git与Github的协同"><a href="#Git与Github的协同" class="headerlink" title="Git与Github的协同"></a>Git与Github的协同</h3><h4 id="添加远程仓库"><a href="#添加远程仓库" class="headerlink" title="添加远程仓库"></a>添加远程仓库</h4><ul><li><p>直接克隆<br>ssh协议</p><figure class="highlight plain"><table><tr><td class="gutter"><pre><div class="line">1</div></pre></td><td class="code"><pre><div class="line">git clone git@github.com:stormxing/test.git</div></pre></td></tr></table></figure></li><li><p>关联本地已有仓库</p><figure class="highlight plain"><table><tr><td class="gutter"><pre><div class="line">1</div><div class="line">2</div><div class="line">3</div><div class="line">4</div><div class="line">5</div></pre></td><td class="code"><pre><div class="line">$ git remote add origin git@github.com:stormxing/test.git </div><div class="line">#origin是远程仓库的默认名，也可以自己起</div><div class="line"></div><div class="line">git push -u origin master </div><div class="line">#第一次提交时需要执行的操作</div></pre></td></tr></table></figure></li></ul><h4 id="提交代码到远程仓库"><a href="#提交代码到远程仓库" class="headerlink" title="提交代码到远程仓库"></a>提交代码到远程仓库</h4><ul><li><p>pull<br>下载远程仓库的最新内容</p><figure class="highlight plain"><table><tr><td class="gutter"><pre><div class="line">1</div></pre></td><td class="code"><pre><div class="line">git pull origin master</div></pre></td></tr></table></figure></li><li><p>push<br>上传到主分支</p><figure class="highlight plain"><table><tr><td class="gutter"><pre><div class="line">1</div></pre></td><td class="code"><pre><div class="line">git push origin master</div></pre></td></tr></table></figure></li></ul><hr><p>参考文章：<br><a href="https://mp.weixin.qq.com/s?__biz=MzA4NTQwNDcyMA==&amp;mid=2650661929&amp;idx=1&amp;sn=69e00516a30723c5a20af3c7a84173a4&amp;scene=21#wechat_redirect" target="_blank" rel="external">https://mp.weixin.qq.com/s?__biz=MzA4NTQwNDcyMA==&amp;mid=2650661929&amp;idx=1&amp;sn=69e00516a30723c5a20af3c7a84173a4&amp;scene=21#wechat_redirect</a><br><a href="http://www.jianshu.com/p/7d0026305569" target="_blank" rel="external">http://www.jianshu.com/p/7d0026305569</a></p>]]></content>
    
    <summary type="html">
    
      &lt;p&gt;&lt;img src=&quot;http://upload-images.jianshu.io/upload_images/5349051-ccf68ff3a5199399.png?imageMogr2/auto-orient/strip%7CimageView2/2/w/1240&quot; alt=&quot;Git.png&quot;&gt;
    
    </summary>
    
      <category term="idea" scheme="http://www.stormxing.com/categories/idea/"/>
    
    
      <category term="Git" scheme="http://www.stormxing.com/tags/Git/"/>
    
  </entry>
  
  <entry>
    <title>练习的技术</title>
    <link href="http://www.stormxing.com/2017/09/25/4/"/>
    <id>http://www.stormxing.com/2017/09/25/4/</id>
    <published>2017-09-25T00:48:08.000Z</published>
    <updated>2017-09-25T00:53:43.705Z</updated>
    
    <content type="html"><![CDATA[<p><img src="http://upload-images.jianshu.io/upload_images/5349051-2b09a05ad1ab2075.jpg?imageMogr2/auto-orient/strip%7CimageView2/2/w/1240" alt="心流体验的形成.jpg"></p><p>Study and practice. Years of it.——Dr. Stephen Strange<a id="more"></a></p><h4 id="来一份约定"><a href="#来一份约定" class="headerlink" title="来一份约定"></a>来一份约定</h4><hr><ul><li>刻意养成给自己正向说话的习惯</li><li>愿意分享自己的学习感悟</li><li>尊重老师和同学的不同意见</li><li>积极响应学习活动</li></ul><h4 id="练习是什么"><a href="#练习是什么" class="headerlink" title="练习是什么"></a>练习是什么</h4><hr><p>练习≠重复<br>知识工作者应该练习什么？</p><ul><li>知识的获取——输入</li><li>知识的内化——加工</li><li>知识的应用——输出</li></ul><h4 id="运用练习的技术开疆裂土"><a href="#运用练习的技术开疆裂土" class="headerlink" title="运用练习的技术开疆裂土"></a>运用练习的技术开疆裂土</h4><hr><h5 id="掌握快速创建心流的技术"><a href="#掌握快速创建心流的技术" class="headerlink" title="掌握快速创建心流的技术"></a>掌握快速创建心流的技术</h5><p><strong>如何达到心流状态是高效舒畅练习的根本</strong><br>以下内容全部引用知乎<a href="https://www.zhihu.com/people/amianjun/activities" target="_blank" rel="external">鹿迷惑</a>的回答，<a href="https://www.zhihu.com/question/20992764" target="_blank" rel="external">原文</a></p><h6 id="生命的心流"><a href="#生命的心流" class="headerlink" title="生命的心流"></a>生命的心流</h6><p>这个问题在米哈里的原书《生命的心流》里已经反复强调过了，我认为这是我们讨论心流问题时的大前提：动机！决定了心流的产生。充足的动机是进入心流状态的前提。当然高强度的心流活动往往还符合三大原则：即时反馈、挑战与技能匹配、目标清晰。</p><p>动机不仅指纯粹的兴趣，也可以是功利性的目标。我们常说的”deadline是第一生产力”，“男神是第一生产力”，“兴趣是最好的老师”就是这个意思。</p><p>以下引自米哈里•契克森米哈赖《生命的心流》：</p><blockquote><p>厌恶数学的学生，若要他花时间定神细读微积分，恐怕十分困难。除非动机格外强烈（如决心通过考试），否则不易做到。一般说来，心里越挣扎，越难集中注意力。但如果热衷此事，动机又充足，就算万般棘手，你也能轻而易举达到全神贯注的境界。</p><p>名下拥有 200 多项专利的俄裔美籍发明家拉比诺（JacobRabinow)于 83 岁时这样描述自己的工作：“你有兴趣就必须动脑……像我这种人就喜欢做这种亊。想出一个新点子是十分有趣的亊，如果没有人要，我也不在乎。反正能想出一些新奇古怪的东西，本身就很好玩。” </p><p>得过两次诺贝尔奖的波林（LimisPauling)于89 岁接受访问时表示 “我认为自己从未坐下来自问，对现在的人生有什么打算？我只是一味向前，做自己想做的亊。”</p><p>杰出的心理学家坎贝尔（DonaldCampbell)告诫年轻学者：“如果你的兴趣在金钱，就别踏入科学界；如果你不能成名，又无法乐在其中，那么也别选择科学；倘若你能获得声名，自可受之无愧，但别忘了，你真正喜爱的是这份亊业。” </p></blockquote><h6 id="实用性建议"><a href="#实用性建议" class="headerlink" title="实用性建议"></a>实用性建议</h6><ol><li>列出日常活动list或任务list，先对动机进行思考。</li></ol><ul><li>任务的选择是不是完全出于个人意愿？</li><li>到底想不想要把任务完成？</li><li>完成任务后能获得哪些回报？这些回报能不能为你带来足够的动机？</li></ul><ol><li><p>如果有充足的动机，那么检查活动有没有满足三大原则，能不能进一步做到：细化目标、实现即时反馈、调整任务难度以适合个人技能水平。重新设计或完善任务过程，以达到心流状态。</p></li><li><p>如果没有充足的动机，那么一，重新思考大方向：是不是一定要这样做？</p><ul><li><p>没有动机是因为什么呢？</p></li><li><p>能不能制造动机？</p></li></ul></li></ol><p><strong>几个可以制造的动机：</strong></p><ul><li>把任务拖到deadline之前做…（deadline是第一生产力）</li><li>男神或女神激励……  </li><li>计算利益。李笑来讲过的那个故事：一个小盆友要去美帝读phd可是他又不爱背GRE单词…后来他一算，好嘛，背下这么多单词就能过GRE,过了GRE就有全奖拿，奖学金摊下来，一个单词值20块钱人民币…背！背单词就是赚钱！</li></ul><h4 id="警惕"><a href="#警惕" class="headerlink" title="警惕"></a>警惕</h4><hr><ul><li>勇猛之心易发</li><li>长远之心难持</li></ul>]]></content>
    
    <summary type="html">
    
      &lt;p&gt;&lt;img src=&quot;http://upload-images.jianshu.io/upload_images/5349051-2b09a05ad1ab2075.jpg?imageMogr2/auto-orient/strip%7CimageView2/2/w/1240&quot; alt=&quot;心流体验的形成.jpg&quot;&gt;&lt;/p&gt;
&lt;p&gt;Study and practice. Years of it.——Dr. Stephen Strange
    
    </summary>
    
      <category term="随笔" scheme="http://www.stormxing.com/categories/%E9%9A%8F%E7%AC%94/"/>
    
    
      <category term="随笔" scheme="http://www.stormxing.com/tags/%E9%9A%8F%E7%AC%94/"/>
    
  </entry>
  
  <entry>
    <title>Next主题配置及优化</title>
    <link href="http://www.stormxing.com/2017/09/22/3/"/>
    <id>http://www.stormxing.com/2017/09/22/3/</id>
    <published>2017-09-22T11:19:03.000Z</published>
    <updated>2017-09-22T23:23:03.533Z</updated>
    
    <content type="html"><![CDATA[<blockquote><p>这篇文章主要是续写我的上一篇<a href="http://www.jianshu.com/p/7b481e5becd6" target="_blank" rel="external">Hexo+GitHub Pages搭建个人博客</a><br><strong>写作说明：</strong><a href="http://theme-next.iissnan.com/getting-started.html" target="_blank" rel="external">官方文档</a>不够全，如果重新配置主题又得查阅很多文章。这里记录30多项更改，方便查阅。<br><strong>版本说明：</strong>Next主题更新速度还是比较快的，不同版本设置有所不同，请自行区分。我的版本：v5.1.2<a id="more"></a></p></blockquote><h2 id="文件说明"><a href="#文件说明" class="headerlink" title="文件说明"></a>文件说明</h2><hr><p>本文会提到两个配置文件，分别是<strong>站点配置文件_config.yml</strong>在博客根目录下，还有一个<strong>主题配置文件_config.yml</strong>在next目录下。请注意区分。</p><h2 id="选择主题样式"><a href="#选择主题样式" class="headerlink" title="选择主题样式"></a>选择主题样式</h2><hr><p><strong>一种主题，四种样式</strong><br>打开<strong>主题配置文件</strong>，找到“Schemes”字段，选择一个样式，去掉前面的#即可。然后<strong>hexo s -g</strong>在本地调试一下。最好都试一下。</p><p><img src="http://upload-images.jianshu.io/upload_images/5349051-84b0865812b26bf3.png?imageMogr2/auto-orient/strip%7CimageView2/2/w/1240" alt="image.png"></p><h2 id="设置语言和网站信息"><a href="#设置语言和网站信息" class="headerlink" title="设置语言和网站信息"></a>设置语言和网站信息</h2><hr><ul><li>主题默认英语，在<strong>站点配置文件</strong>找到language字段，后面添加zh-Hans，冒号后面都要有一个空格。</li><li>site标签下面的信息都改成自己的。<br><img src="http://upload-images.jianshu.io/upload_images/5349051-f4d14e4c28c0ec28.png?imageMogr2/auto-orient/strip%7CimageView2/2/w/1240" alt="image.png"><h2 id="设置菜单"><a href="#设置菜单" class="headerlink" title="设置菜单"></a>设置菜单</h2></li></ul><hr><p>菜单指的是这个，默认只有首页和归档。</p><p><img src="http://upload-images.jianshu.io/upload_images/5349051-8d9694f214e95ab2.png?imageMogr2/auto-orient/strip%7CimageView2/2/w/1240" alt="image.png"><br>打开<strong>主题配置文件</strong>，menu下面选择要显示的，去掉#即可，其他的不要动。</p><p><img src="http://upload-images.jianshu.io/upload_images/5349051-429610e8dc559aeb.png?imageMogr2/auto-orient/strip%7CimageView2/2/w/1240" alt="image.png"><br>之后网站显示是这样的<br><img src="http://upload-images.jianshu.io/upload_images/5349051-9e6b483f9d90f9f5.png?imageMogr2/auto-orient/strip%7CimageView2/2/w/1240" alt="image.png"></p><p>这个时候“标签”“分类”“关于”虽然显示出来了，但还是不能用的，需要手动配置。</p><h2 id="添加README-md文件"><a href="#添加README-md文件" class="headerlink" title="添加README.md文件"></a>添加README.md文件</h2><p>在source文件夹下放的README.md文件总是在“hexo d”的时候被转成html文件<br>修改站点配置文件即可：</p><p><img src="http://upload-images.jianshu.io/upload_images/5349051-6a18f89ef5fd84f8.png?imageMogr2/auto-orient/strip%7CimageView2/2/w/1240" alt="image.png"></p><h3 id="设置标签"><a href="#设置标签" class="headerlink" title="设置标签"></a>设置标签</h3><p>在站点目录下，执行<br><figure class="highlight plain"><table><tr><td class="gutter"><pre><div class="line">1</div></pre></td><td class="code"><pre><div class="line">hexo new page tags</div></pre></td></tr></table></figure></p><p>之后在source文件夹下会出现一个tags目录，里面有一个“index.md文件”<br>在这个文件里面添加“type: “tags””，冒号后面有空格。</p><p><img src="http://upload-images.jianshu.io/upload_images/5349051-e2be4e9c16becfc9.png?imageMogr2/auto-orient/strip%7CimageView2/2/w/1240" alt="image.png"><br>之后打开要发表的文章，添加一个tags字段，这里设置三个标签，用于测试<br><img src="http://upload-images.jianshu.io/upload_images/5349051-61d5c0bee88d92dc.png?imageMogr2/auto-orient/strip%7CimageView2/2/w/1240" alt="image.png"><br>执行<strong>hexo s -g</strong>后刷新一下浏览器，点击标签，就能看到刚设置的三个标签了。<br>如果，这个标签数显示错误，在<strong>hexo s -g</strong>之前<strong>hexo clean</strong>就好了。</p><p><img src="http://upload-images.jianshu.io/upload_images/5349051-c6a9aed817295ddf.png?imageMogr2/auto-orient/strip%7CimageView2/2/w/1240" alt="image.png"></p><h3 id="设置分类"><a href="#设置分类" class="headerlink" title="设置分类"></a>设置分类</h3><p>方法同上，先<br><figure class="highlight plain"><table><tr><td class="gutter"><pre><div class="line">1</div></pre></td><td class="code"><pre><div class="line">hexo new page &quot;categories&quot;</div></pre></td></tr></table></figure></p><p>一下，<br>再找到相应的index.md文件添加“type: “categories””，<br>最后在要发表的文章上面添加“categories: 分类_name”即可。</p><h3 id="设置关于"><a href="#设置关于" class="headerlink" title="设置关于"></a>设置关于</h3><p>先“hexo new page “about””一下，<br>再找到相应的index.md文件添加“type: “about””，<br>关于的内容就在这个文件下面写就行了。</p><p><img src="http://upload-images.jianshu.io/upload_images/5349051-34818cd6b804a7d2.png?imageMogr2/auto-orient/strip%7CimageView2/2/w/1240" alt="image.png"></p><h2 id="修改字体大小"><a href="#修改字体大小" class="headerlink" title="修改字体大小"></a>修改字体大小</h2><hr><p>个人感觉默认字体太小了，如果要修改<br>打开\next\source\css\ _variables\base.styl文件，更改font-size。</p><p><img src="http://upload-images.jianshu.io/upload_images/5349051-ec00eb5642147e2a.png?imageMogr2/auto-orient/strip%7CimageView2/2/w/1240" alt="image.png"></p><h2 id="添加RSS"><a href="#添加RSS" class="headerlink" title="添加RSS"></a>添加RSS</h2><hr><p>RSS就是侧边栏的这个</p><p><img src="http://upload-images.jianshu.io/upload_images/5349051-daf4bd5198224ea3.png?imageMogr2/auto-orient/strip%7CimageView2/2/w/1240" alt="image.png"><br>添加这个主要是为了好看。<br>在站点根目录里执行以下命令完成插件安装。<br><figure class="highlight plain"><table><tr><td class="gutter"><pre><div class="line">1</div></pre></td><td class="code"><pre><div class="line">npm install --save hexo-generator-feed</div></pre></td></tr></table></figure></p><p><img src="http://upload-images.jianshu.io/upload_images/5349051-11a2e2369b8d411b.png?imageMogr2/auto-orient/strip%7CimageView2/2/w/1240" alt="image.png"><br>在<strong>站点配置文件</strong> 末尾处添加：<br><figure class="highlight plain"><table><tr><td class="gutter"><pre><div class="line">1</div><div class="line">2</div><div class="line">3</div></pre></td><td class="code"><pre><div class="line"># Extensions</div><div class="line">## Plugins: http://hexo.io/plugins/</div><div class="line">plugins: hexo-generate-feed</div></pre></td></tr></table></figure></p><p>在<strong>主题配置文件</strong>中的rss字段中添加：</p><p><img src="http://upload-images.jianshu.io/upload_images/5349051-70d7ac969b86ee72.png?imageMogr2/auto-orient/strip%7CimageView2/2/w/1240" alt="image.png"><br><strong>hexo s -g</strong>就能看到效果了。</p><h2 id="添加动态背景"><a href="#添加动态背景" class="headerlink" title="添加动态背景"></a>添加动态背景</h2><hr><p>就是这些线条，我截的都是静态图。有两种背景动态特效。</p><p><img src="http://upload-images.jianshu.io/upload_images/5349051-928a3564d576a88b.png?imageMogr2/auto-orient/strip%7CimageView2/2/w/1240" alt="image.png"></p><p><img src="http://upload-images.jianshu.io/upload_images/5349051-6d05e71c9e88516b.png?imageMogr2/auto-orient/strip%7CimageView2/2/w/1240" alt="image.png"><br>在主题配置文件中找到这两个字段，开启任意一个，把值改成true就可以了，这两个只能同时开启一个。<br>另外，这个文件中有两个canvas_nest，只改图中这一个，注意区分。</p><p><img src="http://upload-images.jianshu.io/upload_images/5349051-729488c827548ebf.png?imageMogr2/auto-orient/strip%7CimageView2/2/w/1240" alt="image.png"></p><h2 id="修改链接文本样式"><a href="#修改链接文本样式" class="headerlink" title="修改链接文本样式"></a>修改链接文本样式</h2><hr><p>主题默认的链接都是黑色的，同文本颜色，通过更改相关文件，可使其变色。<br>修改themes\next\source\css_common\components\post\post.styl<br>文件末尾添加如下内容即可。<br><figure class="highlight plain"><table><tr><td class="gutter"><pre><div class="line">1</div><div class="line">2</div><div class="line">3</div><div class="line">4</div><div class="line">5</div><div class="line">6</div><div class="line">7</div><div class="line">8</div><div class="line">9</div><div class="line">10</div><div class="line">11</div></pre></td><td class="code"><pre><div class="line">// 文章内链接文本样式</div><div class="line">.post-body p a&#123;</div><div class="line">  color: #0593d3;</div><div class="line">  border-bottom: none;</div><div class="line">  border-bottom: 1px solid #0593d3;</div><div class="line">  &amp;:hover &#123;</div><div class="line">    color: #fc6423;</div><div class="line">    border-bottom: none;</div><div class="line">    border-bottom: 1px solid #fc6423;</div><div class="line">  &#125;</div><div class="line">&#125;</div></pre></td></tr></table></figure></p><p>效果如下<br><img src="http://upload-images.jianshu.io/upload_images/5349051-4b51e09d8335586b.png?imageMogr2/auto-orient/strip%7CimageView2/2/w/1240" alt="image.png"></p><h2 id="添加截断文章标记"><a href="#添加截断文章标记" class="headerlink" title="添加截断文章标记"></a>添加截断文章标记</h2><hr><p>进入网站主页，文章内容会被全部显示，在文章中合适的位置添加<!--more-->即可截断文章</p><p><img src="http://upload-images.jianshu.io/upload_images/5349051-4540bfb49624c925.png?imageMogr2/auto-orient/strip%7CimageView2/2/w/1240" alt="image.png"><br>效果如下</p><p><img src="http://upload-images.jianshu.io/upload_images/5349051-3996b7475f811544.png?imageMogr2/auto-orient/strip%7CimageView2/2/w/1240" alt="image.png"></p><h2 id="文章目录如何书写"><a href="#文章目录如何书写" class="headerlink" title="文章目录如何书写"></a>文章目录如何书写</h2><hr><p>进入文章后会有一个目录，能够自动展开折叠。<br>这个目录需要按照一种规则来书写。</p><ul><li><p>文章目录只是别标题<br>例如：</p><figure class="highlight plain"><table><tr><td class="gutter"><pre><div class="line">1</div><div class="line">2</div><div class="line">3</div><div class="line">4</div></pre></td><td class="code"><pre><div class="line">## 大标题1</div><div class="line">### 大标题中的小标题1</div><div class="line">### 大标题1中的小标题2</div><div class="line">## 大标题2</div></pre></td></tr></table></figure></li><li><p>标题从二级标题开始，不可使用一级标题。</p><h2 id="设置代码亮"><a href="#设置代码亮" class="headerlink" title="设置代码亮"></a>设置代码亮</h2><p>next主题提供了五种代码高亮主题。<br>在主题配置文件中更改highlight_theme的值即可。</p></li></ul><p><img src="http://upload-images.jianshu.io/upload_images/5349051-a81f834e950a897e.png?imageMogr2/auto-orient/strip%7CimageView2/2/w/1240" alt="image.png"></p><h2 id="添加侧边栏社交链接"><a href="#添加侧边栏社交链接" class="headerlink" title="添加侧边栏社交链接"></a>添加侧边栏社交链接</h2><hr><p>更改主题配置文件，根据自己的情况可自由添加</p><p><img src="http://upload-images.jianshu.io/upload_images/5349051-7ff21da40514f8ba.png?imageMogr2/auto-orient/strip%7CimageView2/2/w/1240" alt="image.png"></p><p>实现效果<br><img src="http://upload-images.jianshu.io/upload_images/5349051-0f91435bbadab8ba.png?imageMogr2/auto-orient/strip%7CimageView2/2/w/1240" alt="image.png"></p><h2 id="添加侧边栏更多链接"><a href="#添加侧边栏更多链接" class="headerlink" title="添加侧边栏更多链接"></a>添加侧边栏更多链接</h2><hr><p>修改主题配置文件</p><p><img src="http://upload-images.jianshu.io/upload_images/5349051-ddb08aa52f905506.png?imageMogr2/auto-orient/strip%7CimageView2/2/w/1240" alt="image.png"><br>实现效果</p><p><img src="http://upload-images.jianshu.io/upload_images/5349051-69f64c1578cf5136.png?imageMogr2/auto-orient/strip%7CimageView2/2/w/1240" alt="image.png"></p><h2 id="主页文章添加阴影效果"><a href="#主页文章添加阴影效果" class="headerlink" title="主页文章添加阴影效果"></a>主页文章添加阴影效果</h2><hr><p>打开\themes\next\source\css_custom\custom.styl<br>添加：<br><figure class="highlight plain"><table><tr><td class="gutter"><pre><div class="line">1</div><div class="line">2</div><div class="line">3</div><div class="line">4</div><div class="line">5</div><div class="line">6</div><div class="line">7</div><div class="line">8</div></pre></td><td class="code"><pre><div class="line">// 主页文章添加阴影效果</div><div class="line"> .post &#123;</div><div class="line">   margin-top: 60px;</div><div class="line">   margin-bottom: 60px;</div><div class="line">   padding: 25px;</div><div class="line">   -webkit-box-shadow: 0 0 5px rgba(202, 203, 203, .5);</div><div class="line">   -moz-box-shadow: 0 0 5px rgba(202, 203, 204, .5);</div><div class="line">  &#125;</div></pre></td></tr></table></figure></p><h2 id="设置腾讯公益404"><a href="#设置腾讯公益404" class="headerlink" title="设置腾讯公益404"></a>设置腾讯公益404</h2><hr><p>新建 404.html 页面，放到主题的 source 目录下，内容如下：<br><figure class="highlight plain"><table><tr><td class="gutter"><pre><div class="line">1</div><div class="line">2</div><div class="line">3</div><div class="line">4</div><div class="line">5</div><div class="line">6</div><div class="line">7</div><div class="line">8</div><div class="line">9</div><div class="line">10</div><div class="line">11</div><div class="line">12</div><div class="line">13</div><div class="line">14</div><div class="line">15</div><div class="line">16</div><div class="line">17</div><div class="line">18</div></pre></td><td class="code"><pre><div class="line">&lt;!DOCTYPE HTML&gt;</div><div class="line">&lt;html&gt;</div><div class="line">&lt;head&gt;</div><div class="line">  &lt;meta http-equiv=&quot;content-type&quot; content=&quot;text/html;charset=utf-8;&quot;/&gt;</div><div class="line">  &lt;meta http-equiv=&quot;X-UA-Compatible&quot; content=&quot;IE=edge,chrome=1&quot; /&gt;</div><div class="line">  &lt;meta name=&quot;robots&quot; content=&quot;all&quot; /&gt;</div><div class="line">  &lt;meta name=&quot;robots&quot; content=&quot;index,follow&quot;/&gt;</div><div class="line">  &lt;link rel=&quot;stylesheet&quot; type=&quot;text/css&quot; href=&quot;https://qzone.qq.com/gy/404/style/404style.css&quot;&gt;</div><div class="line">&lt;/head&gt;</div><div class="line">&lt;body&gt;</div><div class="line">  &lt;script type=&quot;text/plain&quot; src=&quot;http://www.qq.com/404/search_children.js&quot;</div><div class="line">          charset=&quot;utf-8&quot; homePageUrl=&quot;/&quot;</div><div class="line">          homePageName=&quot;回到我的主页&quot;&gt;</div><div class="line">  &lt;/script&gt;</div><div class="line">  &lt;script src=&quot;https://qzone.qq.com/gy/404/data.js&quot; charset=&quot;utf-8&quot;&gt;&lt;/script&gt;</div><div class="line">  &lt;script src=&quot;https://qzone.qq.com/gy/404/page.js&quot; charset=&quot;utf-8&quot;&gt;&lt;/script&gt;</div><div class="line">&lt;/body&gt;</div><div class="line">&lt;/html&gt;</div></pre></td></tr></table></figure></p><h2 id="添加网站和文章的访问量"><a href="#添加网站和文章的访问量" class="headerlink" title="添加网站和文章的访问量"></a>添加网站和文章的访问量</h2><hr><p>数据统计用的不蒜子<br>在主题配置文件里，将enable的值改成true,并添加一些footer字段就可以启用了。</p><p><img src="http://upload-images.jianshu.io/upload_images/5349051-8584facf653c533c.png?imageMogr2/auto-orient/strip%7CimageView2/2/w/1240" alt="image.png"></p><p>数据统计显示在3位置，文章阅读，网站访问人数，网站总访问次数。<br>在本地调试显示数据较大，上传到gihub数据就会正常。<br>效果如下</p><p><img src="http://upload-images.jianshu.io/upload_images/5349051-218c32e75509a160.png?imageMogr2/auto-orient/strip%7CimageView2/2/w/1240" alt="image.png"></p><p><img src="http://upload-images.jianshu.io/upload_images/5349051-3b79869fb279a237.png?imageMogr2/auto-orient/strip%7CimageView2/2/w/1240" alt="image.png"></p><h2 id="添加文章和全站字数统计、阅读时长"><a href="#添加文章和全站字数统计、阅读时长" class="headerlink" title="添加文章和全站字数统计、阅读时长"></a>添加文章和全站字数统计、阅读时长</h2><hr><p>在主题配种文件中将这三个字段改为true</p><p><img src="http://upload-images.jianshu.io/upload_images/5349051-0bf461fdb5f85e93.png?imageMogr2/auto-orient/strip%7CimageView2/2/w/1240" alt="image.png"><br>修改文件/thems/next/languages/zh-Hans.yml</p><p><img src="http://upload-images.jianshu.io/upload_images/5349051-9a66f38cce63cf84.png?imageMogr2/auto-orient/strip%7CimageView2/2/w/1240" alt="image.png"></p><p>修改文件/thems/next/layout/_partials/footer.swig</p><p><img src="http://upload-images.jianshu.io/upload_images/5349051-2ada4e99ed38b3e3.png?imageMogr2/auto-orient/strip%7CimageView2/2/w/1240" alt="image.png"></p><h2 id="添加顶部加载条"><a href="#添加顶部加载条" class="headerlink" title="添加顶部加载条"></a>添加顶部加载条</h2><hr><p>修改主题配置文件</p><p><img src="http://upload-images.jianshu.io/upload_images/5349051-d6ae1571d4b58662.png?imageMogr2/auto-orient/strip%7CimageView2/2/w/1240" alt="image.png"></p><h2 id="添加评论系统"><a href="#添加评论系统" class="headerlink" title="添加评论系统"></a>添加评论系统</h2><hr><p>添加来必力评论<br>去<a href="https://livere.com/" target="_blank" rel="external">来必力</a>注册个账号<br>复制uid</p><p><img src="http://upload-images.jianshu.io/upload_images/5349051-20b9678b9d3acd37.png?imageMogr2/auto-orient/strip%7CimageView2/2/w/1240" alt="image.png"></p><p>在主题配置文件中添加uid</p><p><img src="http://upload-images.jianshu.io/upload_images/5349051-7a9fcd1c83af785d.png?imageMogr2/auto-orient/strip%7CimageView2/2/w/1240" alt="image.png"></p><p>效果如下</p><p><img src="http://upload-images.jianshu.io/upload_images/5349051-3f66cc3c69dde81e.png?imageMogr2/auto-orient/strip%7CimageView2/2/w/1240" alt="image.png"></p><h2 id="添加百度分享"><a href="#添加百度分享" class="headerlink" title="添加百度分享"></a>添加百度分享</h2><hr><p>更改主题配置文件</p><p><img src="http://upload-images.jianshu.io/upload_images/5349051-b011778938dabbd8.png?imageMogr2/auto-orient/strip%7CimageView2/2/w/1240" alt="image.png"><br>效果如下</p><p><img src="http://upload-images.jianshu.io/upload_images/5349051-12cb42bdef8ce78d.png?imageMogr2/auto-orient/strip%7CimageView2/2/w/1240" alt="image.png"></p><h2 id="添加搜索功能"><a href="#添加搜索功能" class="headerlink" title="添加搜索功能"></a>添加搜索功能</h2><hr><ul><li><p>安装插件</p><figure class="highlight plain"><table><tr><td class="gutter"><pre><div class="line">1</div></pre></td><td class="code"><pre><div class="line">npm install hexo-generator-searchdb --save</div></pre></td></tr></table></figure></li><li><p>在站点配置文件的最后面添加</p><figure class="highlight plain"><table><tr><td class="gutter"><pre><div class="line">1</div><div class="line">2</div><div class="line">3</div><div class="line">4</div><div class="line">5</div></pre></td><td class="code"><pre><div class="line">search:</div><div class="line">  path: search.xml</div><div class="line">  field: post</div><div class="line">  format: html</div><div class="line">  limit: 10000</div></pre></td></tr></table></figure></li><li><p>更改主题配置文件</p></li></ul><p><img src="http://upload-images.jianshu.io/upload_images/5349051-ec51b4e6070e5bc0.png?imageMogr2/auto-orient/strip%7CimageView2/2/w/1240" alt="image.png"></p><p>效果如下<br><img src="http://upload-images.jianshu.io/upload_images/5349051-7495764a89fed7eb.png?imageMogr2/auto-orient/strip%7CimageView2/2/w/1240" alt="image.png"></p><h2 id="添加文章底部版权信息"><a href="#添加文章底部版权信息" class="headerlink" title="添加文章底部版权信息"></a>添加文章底部版权信息</h2><hr><p>修改主题配置文件</p><p><img src="http://upload-images.jianshu.io/upload_images/5349051-03bd9ea2d5d5b408.png?imageMogr2/auto-orient/strip%7CimageView2/2/w/1240" alt="image.png"><br>效果如下</p><p><img src="http://upload-images.jianshu.io/upload_images/5349051-52a740c508e0a4f2.png?imageMogr2/auto-orient/strip%7CimageView2/2/w/1240" alt="image.png"></p><h2 id="隐藏网页底部powered-By-Hexo-强力驱动"><a href="#隐藏网页底部powered-By-Hexo-强力驱动" class="headerlink" title="隐藏网页底部powered By Hexo / 强力驱动"></a>隐藏网页底部powered By Hexo / 强力驱动</h2><hr><p>打开themes/next/layout/_partials/footer.swig，将如下部分注释掉。</p><p><img src="http://upload-images.jianshu.io/upload_images/5349051-3573b3a35b37f874.png?imageMogr2/auto-orient/strip%7CimageView2/2/w/1240" alt="image.png"></p><h2 id="添加头像"><a href="#添加头像" class="headerlink" title="添加头像"></a>添加头像</h2><hr><p>修改主题配置文件，并将头像的图片放入/next/source/images文件夹里</p><p><img src="http://upload-images.jianshu.io/upload_images/5349051-605c4794ed8c7a11.png?imageMogr2/auto-orient/strip%7CimageView2/2/w/1240" alt="image.png"></p><h2 id="添加网站logo"><a href="#添加网站logo" class="headerlink" title="添加网站logo"></a>添加网站logo</h2><hr><p>ico文件下载请参考知乎的这篇文章<br><a href="https://www.zhihu.com/question/19857245" target="_blank" rel="external">有哪些优秀的 icon 的免费下载网站</a><br>下载32px的ico图片，将其放到/next/source文件夹下并修改主题配置文件。</p><p><img src="http://upload-images.jianshu.io/upload_images/5349051-bbfe41b79d5e87a4.png?imageMogr2/auto-orient/strip%7CimageView2/2/w/1240" alt="image.png"></p><h2 id="更改markdown竖线颜色"><a href="#更改markdown竖线颜色" class="headerlink" title="更改markdown竖线颜色"></a>更改markdown竖线颜色</h2><hr><p>将这条灰色的线变成蓝色</p><p><img src="http://upload-images.jianshu.io/upload_images/5349051-9b87468f74f7a6cf.png?imageMogr2/auto-orient/strip%7CimageView2/2/w/1240" alt="image.png"><br>在themes/next/source/css/_custom/custom.styl文件下面添加<br><figure class="highlight plain"><table><tr><td class="gutter"><pre><div class="line">1</div><div class="line">2</div><div class="line">3</div><div class="line">4</div></pre></td><td class="code"><pre><div class="line">//markdown左竖线</div><div class="line">   blockquote&#123;</div><div class="line">     border-left:3px solid skyblue</div><div class="line">   &#125;</div></pre></td></tr></table></figure></p><p><img src="http://upload-images.jianshu.io/upload_images/5349051-d47aa71f2483c128.png?imageMogr2/auto-orient/strip%7CimageView2/2/w/1240" alt="image.png"></p><h2 id="seo优化"><a href="#seo优化" class="headerlink" title="seo优化"></a>seo优化</h2><hr><p>seo优化的目的是能在百度和谷歌上搜索到自己的文章。</p><h3 id="验证网站所有权（简述）"><a href="#验证网站所有权（简述）" class="headerlink" title="验证网站所有权（简述）"></a>验证网站所有权（简述）</h3><p>登录<a href="http://zhanzhang.baidu.com/linksubmit/url?sitename=http://site:www.oneonecity.xyz" target="_blank" rel="external">百度站长平台</a>添加CNAME记录验证<br>登录<a href="https://www.google.com/webmasters/tools" target="_blank" rel="external">谷歌</a>用html标记验证。<br>修改而主题配置文件如下：</p><p><img src="http://upload-images.jianshu.io/upload_images/5349051-e58fed28a1f3622a.png?imageMogr2/auto-orient/strip%7CimageView2/2/w/1240" alt="image.png"></p><h3 id="向百度和谷歌提交站点地图"><a href="#向百度和谷歌提交站点地图" class="headerlink" title="向百度和谷歌提交站点地图"></a>向百度和谷歌提交站点地图</h3><ul><li><p>安装sitmap插件</p><figure class="highlight plain"><table><tr><td class="gutter"><pre><div class="line">1</div><div class="line">2</div></pre></td><td class="code"><pre><div class="line">npm install hexo-generator-sitemap --save</div><div class="line">npm install hexo-generator-baidu-sitemap --save</div></pre></td></tr></table></figure></li><li><p>修改站点配置文件的url为博客首页</p></li></ul><p><img src="http://upload-images.jianshu.io/upload_images/5349051-1bb1b900add8c01e.png?imageMogr2/auto-orient/strip%7CimageView2/2/w/1240" alt="image.png"></p><ul><li><p>站点配置文件最后面添加：</p><figure class="highlight plain"><table><tr><td class="gutter"><pre><div class="line">1</div><div class="line">2</div><div class="line">3</div><div class="line">4</div><div class="line">5</div></pre></td><td class="code"><pre><div class="line"># 自动生成sitemap</div><div class="line">sitemap: </div><div class="line">  path: sitemap.xml</div><div class="line">baidusitemap: </div><div class="line">  path: baidusitemap.xml</div></pre></td></tr></table></figure></li><li><p>开启百度自动推送<br>修改主题配置文件</p></li></ul><p><img src="http://upload-images.jianshu.io/upload_images/5349051-979137dd2176117e.png?imageMogr2/auto-orient/strip%7CimageView2/2/w/1240" alt="image.png"></p><ul><li>最后向谷歌提交站点地图“sitemap.xml”<br>百度会自动读取网站中的这个文件。<h3 id="在谷歌抓取工具里手动提交网页"><a href="#在谷歌抓取工具里手动提交网页" class="headerlink" title="在谷歌抓取工具里手动提交网页"></a>在谷歌抓取工具里手动提交网页</h3></li></ul><p><img src="http://upload-images.jianshu.io/upload_images/5349051-e626acc0436b756d.png?imageMogr2/auto-orient/strip%7CimageView2/2/w/1240" alt="image.png"></p><p>参考文章：<br><a href="http://shenzekun.cn/hexo%E7%9A%84next%E4%B8%BB%E9%A2%98%E4%B8%AA%E6%80%A7%E5%8C%96%E9%85%8D%E7%BD%AE%E6%95%99%E7%A8%8B.html" target="_blank" rel="external">http://shenzekun.cn/hexo%E7%9A%84next%E4%B8%BB%E9%A2%98%E4%B8%AA%E6%80%A7%E5%8C%96%E9%85%8D%E7%BD%AE%E6%95%99%E7%A8%8B.html</a><br><a href="http://theme-next.iissnan.com/theme-settings.html" target="_blank" rel="external">http://theme-next.iissnan.com/theme-settings.html</a><br><a href="http://www.jianshu.com/p/86557c34b671" target="_blank" rel="external">http://www.jianshu.com/p/86557c34b671</a><br><a href="http://www.jianshu.com/p/8c0707ce5da4" target="_blank" rel="external">http://www.jianshu.com/p/8c0707ce5da4</a></p>]]></content>
    
    <summary type="html">
    
      &lt;blockquote&gt;
&lt;p&gt;这篇文章主要是续写我的上一篇&lt;a href=&quot;http://www.jianshu.com/p/7b481e5becd6&quot; target=&quot;_blank&quot; rel=&quot;external&quot;&gt;Hexo+GitHub Pages搭建个人博客&lt;/a&gt;&lt;br&gt;&lt;strong&gt;写作说明：&lt;/strong&gt;&lt;a href=&quot;http://theme-next.iissnan.com/getting-started.html&quot; target=&quot;_blank&quot; rel=&quot;external&quot;&gt;官方文档&lt;/a&gt;不够全，如果重新配置主题又得查阅很多文章。这里记录30多项更改，方便查阅。&lt;br&gt;&lt;strong&gt;版本说明：&lt;/strong&gt;Next主题更新速度还是比较快的，不同版本设置有所不同，请自行区分。我的版本：v5.1.2
    
    </summary>
    
      <category term="博客搭建" scheme="http://www.stormxing.com/categories/%E5%8D%9A%E5%AE%A2%E6%90%AD%E5%BB%BA/"/>
    
    
      <category term="Hexo" scheme="http://www.stormxing.com/tags/Hexo/"/>
    
      <category term="Next主题" scheme="http://www.stormxing.com/tags/Next%E4%B8%BB%E9%A2%98/"/>
    
  </entry>
  
  <entry>
    <title>Hexo+GitHub Pages搭建个人博客</title>
    <link href="http://www.stormxing.com/2017/09/21/2/"/>
    <id>http://www.stormxing.com/2017/09/21/2/</id>
    <published>2017-09-21T08:43:12.000Z</published>
    <updated>2017-09-23T05:35:02.888Z</updated>
    
    <content type="html"><![CDATA[<blockquote><p>最近系统被玩坏了，没有提前备份数据，重新搭建博客又得到处找文章，<br>这里记录一下搭建流程，方便查阅。<a id="more"></a></p></blockquote><h2 id="什么是Hexo"><a href="#什么是Hexo" class="headerlink" title="什么是Hexo"></a>什么是<a href="https://hexo.io/zh-cn/docs/index.html" target="_blank" rel="external">Hexo</a></h2><hr><p><strong>官方解释</strong>：Hexo 是一个快速、简洁且高效的博客框架。Hexo 使用（或其他渲染引擎）解析文章，在几秒内，即可利用靓丽的主题生成静态网页。<br><strong>个人理解</strong>：hexo就是一个静态网页生成器，可以将搭配主题的markdown文章一键生成精美静态网站。<br><strong>类似的还有<a href="http://jekyllcn.com/docs/github-pages/" target="_blank" rel="external">Jekyll</a></strong><br><img src="http://upload-images.jianshu.io/upload_images/5349051-d914021041716ec3.png?imageMogr2/auto-orient/strip%7CimageView2/2/w/1240" alt="hexo.png"></p><h2 id="什么是GitHub-Pages"><a href="#什么是GitHub-Pages" class="headerlink" title="什么是GitHub Pages"></a>什么是<a href="https://pages.github.com" target="_blank" rel="external">GitHub Pages</a></h2><hr><p>GitHub Pages是github提供的一个存储静态网站的服务，并且提供域名，每个github用户只可拥有一个。<br><strong>类似的还有<a href="https://coding.net/help/doc/pages/" target="_blank" rel="external">Coding Pages</a></strong><br><img src="http://upload-images.jianshu.io/upload_images/5349051-dbc0f404fffaf798.png?imageMogr2/auto-orient/strip%7CimageView2/2/w/1240" alt="github pages.png"></p><h2 id="博客搭建流程"><a href="#博客搭建流程" class="headerlink" title="博客搭建流程"></a>博客搭建流程</h2><hr><p><strong>安装Git——安装Node.js和npm——安装Hexo及相关组件——本地测试运行——安装主题——注册GitHub pages——绑定ssh key——部署网站——绑定域名</strong></p><h2 id="安装环境说明"><a href="#安装环境说明" class="headerlink" title="安装环境说明"></a>安装环境说明</h2><hr><p>由于我是从windows转到Ubuntu的，所以这两种系统我都会说明，<strong>他们只在前面安装软件上有区别，其他的基本一样。</strong></p><h2 id="安装Git"><a href="#安装Git" class="headerlink" title="安装Git"></a>安装Git</h2><hr><h3 id="windows"><a href="#windows" class="headerlink" title="windows"></a>windows</h3><p>在官网下载git，双击exe后一路默认点下一步即可完成安装。<a href="https://git-scm.com/download/win" target="_blank" rel="external">传送</a><br><strong>重要说明：安装git完成后会有一个“git bush”，后面的所有命令操作都在这里完成，cmd最好不要用。另外windows的git bush默认无法粘贴命令，<a href="http://blog.csdn.net/nishiwodebocai21/article/details/72510341" target="_blank" rel="external">可参考</a>。</strong></p><h3 id="ubuntu"><a href="#ubuntu" class="headerlink" title="ubuntu"></a>ubuntu</h3><p>ubuntu自带git，终端里一条命令搞定<br><figure class="highlight plain"><table><tr><td class="gutter"><pre><div class="line">1</div></pre></td><td class="code"><pre><div class="line">apt-get install git</div></pre></td></tr></table></figure></p><p>之后的命令操作在终端里完成。<br>输入”git –version”如果出现版本号，则代表安装成功。<br><img src="http://upload-images.jianshu.io/upload_images/5349051-2b38316ba0549e44.png?imageMogr2/auto-orient/strip%7CimageView2/2/w/1240" alt="git.png"></p><h2 id="安装Node-js和npm"><a href="#安装Node-js和npm" class="headerlink" title="安装Node.js和npm"></a>安装Node.js和npm</h2><hr><h3 id="winsows"><a href="#winsows" class="headerlink" title="winsows"></a>winsows</h3><p><strong>安装node.js</strong><br>官网下载node.js后一路默认点下一步即可。<a href="https://nodejs.org/zh-cn/download/" target="_blank" rel="external">传送</a><br><strong>npm</strong><br>windows版的node.js集成了npm，所以无需安装。</p><h3 id="ubuntu-1"><a href="#ubuntu-1" class="headerlink" title="ubuntu"></a>ubuntu</h3><p><strong>安装node.js</strong><br>执行以下两条命令即可。<br><figure class="highlight plain"><table><tr><td class="gutter"><pre><div class="line">1</div><div class="line">2</div></pre></td><td class="code"><pre><div class="line">curl -sL https://deb.nodesource.com/setup_8.x]https://deb.nodesource.com/setup_6.x | sudo -E bash -</div><div class="line">sudo apt-get install -y nodejs</div></pre></td></tr></table></figure></p><p>ubuntu安装node.js的方法较多，这种是换源下载的方法，如果失效，请自行搜索其他方法下载。<br><strong>安装npm</strong><br>执行以下两条命令<br><figure class="highlight plain"><table><tr><td class="gutter"><pre><div class="line">1</div><div class="line">2</div></pre></td><td class="code"><pre><div class="line">npm config set registry https://registry.npm.taobao.org/</div><div class="line">sudo apt install npm</div></pre></td></tr></table></figure></p><p>安装完成后可查看是否安装成功。<br><img src="http://upload-images.jianshu.io/upload_images/5349051-b64010bad5eb0b1a.png?imageMogr2/auto-orient/strip%7CimageView2/2/w/1240" alt="node.js和npm.png"></p><h2 id="安装Hexo及相关组件"><a href="#安装Hexo及相关组件" class="headerlink" title="安装Hexo及相关组件"></a>安装Hexo及相关组件</h2><hr><p><strong>随便找个地方新建一个文件夹，可命名为“blog”，之后的所有操作都将在这个文件夹里完成，hexo及相关组件也将安装在这个文件夹里。</strong><br>windows进入到blog文件夹，右键点击“git bush here”，ubuntu进入到这个目录右键打开终端。<br><strong>windows</strong><br><figure class="highlight plain"><table><tr><td class="gutter"><pre><div class="line">1</div><div class="line">2</div><div class="line">3</div><div class="line">4</div></pre></td><td class="code"><pre><div class="line">npm install -g hexo    #安装hexo</div><div class="line">hexo init   #初始化blog目录</div><div class="line">hexo i   #安装服务</div><div class="line">npm install hexo-deployer-git --save  #安装上传组件</div></pre></td></tr></table></figure></p><p><strong>ubuntu</strong><br><figure class="highlight plain"><table><tr><td class="gutter"><pre><div class="line">1</div><div class="line">2</div><div class="line">3</div></pre></td><td class="code"><pre><div class="line">sudo npm i -g hexo   #安装hexo</div><div class="line">hexo init   #初始化blog目录</div><div class="line">npm install   # 安装依赖包</div></pre></td></tr></table></figure></p><h2 id="本地调试运行"><a href="#本地调试运行" class="headerlink" title="本地调试运行"></a>本地调试运行</h2><p>在blog文件夹里打开命令，之后都在这个文件夹里打开命令。<br>输入<br><figure class="highlight plain"><table><tr><td class="gutter"><pre><div class="line">1</div><div class="line">2</div></pre></td><td class="code"><pre><div class="line">hexo g   #生成静态网页</div><div class="line">hexo s   #启动本地服务器</div></pre></td></tr></table></figure></p><p>这时候在浏览器里输入“<a href="http://localhost:4000”可看到“hello" target="_blank" rel="external">http://localhost:4000”可看到“hello</a> world”网页<br><img src="http://upload-images.jianshu.io/upload_images/5349051-690cd2c95fd33ef0.png?imageMogr2/auto-orient/strip%7CimageView2/2/w/1240" alt="本地调试.png"><br>如果windows什么都没出现的话，极有可能是端口被占用，这也是windows的常见问题，请参考文章<a href="http://blog.liuxianan.com/windows-port-bind.html" target="_blank" rel="external">http://blog.liuxianan.com/windows-port-bind.html</a><br><em>这里加载的是hexo自带的一个默认主题和一个默认的”hello world”网页。默认主题功能太少，什么都没有，所以接下来要更换主题。</em></p><h2 id="安装主题"><a href="#安装主题" class="headerlink" title="安装主题"></a>安装主题</h2><hr><p>Hexo提供非常多精美主题，这是<a href="https://hexo.io/themes/" target="_blank" rel="external">官方主题</a><br>个人比较推荐两个主题：<a href="http://theme-next.iissnan.com" target="_blank" rel="external">Next</a>和<a href="https://github.com/litten/hexo-theme-yilia" target="_blank" rel="external">yilia</a><br>这里可自由选择一个，安装主题的方法和主题配置相关网站都有。<br><strong>本文只介绍next主题的安装及简单配置。</strong></p><h3 id="安装Next主题"><a href="#安装Next主题" class="headerlink" title="安装Next主题"></a>安装Next主题</h3><p><img src="http://upload-images.jianshu.io/upload_images/5349051-5dd8510201265916.png?imageMogr2/auto-orient/strip%7CimageView2/2/w/1240" alt="next主题.png"><br>如果会用git，可参考<a href="http://theme-next.iissnan.com/" target="_blank" rel="external">官方文档</a>进行安装<br>在blog目录下<br><figure class="highlight plain"><table><tr><td class="gutter"><pre><div class="line">1</div></pre></td><td class="code"><pre><div class="line">git clone https://github.com/iissnan/hexo-theme-next themes/next</div></pre></td></tr></table></figure></p><p>之后可在blog下的thems里面看到有一个next文件夹，这就是刚下载好的主题。</p><h3 id="配置并启用主题"><a href="#配置并启用主题" class="headerlink" title="配置并启用主题"></a>配置并启用主题</h3><p>在blog目录下有一个<strong>站点配置文件_config.yml</strong><br>打开<strong>站点配置文件</strong>， 找到 theme 字段，并将其值更改为 next<br>执行以下命令即可看到next主题最基本的样子<br><figure class="highlight plain"><table><tr><td class="gutter"><pre><div class="line">1</div><div class="line">2</div></pre></td><td class="code"><pre><div class="line">hexo g</div><div class="line">hexo s</div></pre></td></tr></table></figure></p><p>也可以用组合命令<br><figure class="highlight plain"><table><tr><td class="gutter"><pre><div class="line">1</div></pre></td><td class="code"><pre><div class="line">hexo s -g</div></pre></td></tr></table></figure></p><p><img src="http://upload-images.jianshu.io/upload_images/5349051-4986fc96a917826c.png?imageMogr2/auto-orient/strip%7CimageView2/2/w/1240" alt="next.png"><br>看到这里你可能觉得这比默认主题内容还少，其实，它只是很多功能都还没有开启而已。更多主题配置可参考<a href="http://theme-next.iissnan.com/" target="_blank" rel="external">官方文档</a>。</p><h3 id="如何添加文章"><a href="#如何添加文章" class="headerlink" title="如何添加文章"></a>如何添加文章</h3><p>执行命令<br><figure class="highlight plain"><table><tr><td class="gutter"><pre><div class="line">1</div></pre></td><td class="code"><pre><div class="line">hexo new &quot;文章名&quot;</div></pre></td></tr></table></figure></p><p>之后在blog/source/_post文件夹下有一个“md格式的文件<br><img src="http://upload-images.jianshu.io/upload_images/5349051-8a3ca10582be15aa.png?imageMogr2/auto-orient/strip%7CimageView2/2/w/1240" alt="post.png"><br>打开新建的文章，title里面是文章标题，date是自动生成的日期，你也可以自由更改，将要写的内容放在“—”下面，建议用“markdown”书写。<br>这个文件你也可以手动建，但是上面的这些内容必须手动添加进去。<br>执行<strong>hexo s -g</strong>刷新浏览器就可以看到刚写的文章了。</p><h3 id="Hexo常用命令总结"><a href="#Hexo常用命令总结" class="headerlink" title="Hexo常用命令总结"></a>Hexo常用命令总结</h3><figure class="highlight plain"><table><tr><td class="gutter"><pre><div class="line">1</div><div class="line">2</div><div class="line">3</div><div class="line">4</div><div class="line">5</div><div class="line">6</div></pre></td><td class="code"><pre><div class="line">hexo g   #生成网页</div><div class="line">hexo s   #启动本地服务</div><div class="line">hexo d   #将网站递交到远程仓库</div><div class="line">hexo s -g   #组合命令，生成网页并启动本地服务</div><div class="line">hexo d -g   #组合命令，生成网页并递交到远程仓库</div><div class="line">hexo clean   #清除刚生成的网页</div></pre></td></tr></table></figure><h2 id="注册github-pages"><a href="#注册github-pages" class="headerlink" title="注册github pages"></a>注册github pages</h2><hr><p><strong>上面已经搞定了本地网站，如何将它放在网络上并且可以被访问到呢，这就须要用到github上的github pages服务了。这个服务是免费的</strong><br>当然，如果你不差钱的话，可以氪金去买服务器和空间。</p><h3 id="注册github"><a href="#注册github" class="headerlink" title="注册github"></a>注册github</h3><p>注册github账号这里就不详述了，能看到这篇文章的人基本都有，如果没有github官网上注册一个就行了，非常简单。</p><h3 id="新建github-pages仓库"><a href="#新建github-pages仓库" class="headerlink" title="新建github pages仓库"></a>新建github pages仓库</h3><p>仓库名填写<strong>用户名.github.io</strong>，要严格按照这个格式来填写，否则可能出错，然后点“Create repository”就可以了。由于我之前建过了，所以这里有错误提示。</p><p><img src="http://upload-images.jianshu.io/upload_images/5349051-2b85fad9f617e603.png?imageMogr2/auto-orient/strip%7CimageView2/2/w/1240" alt="pages.png"><br>这时候点击刚建的这个仓库，点“Settings”在网页的下面你会看到github为你的这个仓库提供了一个域名地址，通过这个地址就可以访问你的网站。当然这时我们还没上传网站呢。</p><p><img src="http://upload-images.jianshu.io/upload_images/5349051-5d677b63b7183d27.png?imageMogr2/auto-orient/strip%7CimageView2/2/w/1240" alt="gitbub pages.png"><br><strong>我们的本地网站文件是存放在blog里面public文件夹里的。你可以直接将public文件夹里的所有文件直接上传到这个仓库里，然后就可以通过这个地址直接访问网站了。</strong><br>但是直接上传，过于麻烦，而Hexo可以一条命令完成网站部署。</p><h2 id="绑定SSH-key"><a href="#绑定SSH-key" class="headerlink" title="绑定SSH key"></a>绑定SSH key</h2><hr><p>什么是SSH key，它是用git和Hexo将本地网站上传到github的验证密匙。如果没有这个密匙也可以用https上传，但需要每次输入密码。</p><h3 id="生成ssh-key"><a href="#生成ssh-key" class="headerlink" title="生成ssh key"></a>生成ssh key</h3><figure class="highlight plain"><table><tr><td class="gutter"><pre><div class="line">1</div></pre></td><td class="code"><pre><div class="line">ssh-keygen -t rsa -C youremail</div></pre></td></tr></table></figure><p>例如ssh-keygen -t rsa -C stormxing@foxmail.com<br><strong>输完命令之后连续按三个回车即可完成。</strong><br><img src="http://upload-images.jianshu.io/upload_images/5349051-9dc7f6b6e3d7130b.png?imageMogr2/auto-orient/strip%7CimageView2/2/w/1240" alt="生成ssh.png"></p><h3 id="查看SSH-key"><a href="#查看SSH-key" class="headerlink" title="查看SSH key"></a>查看SSH key</h3><p>SSH key在刚生成的id_rsa.pub文件里。我们需要打开这个文件并将其内容复制下来。<br><strong>windows和ubuntu打开这个文件的方式有所不同。</strong><br>windows的id_rsa.pub文件在C:\Documents and Settings\Administrator\目录里，“Documents and Settings”是系统高级隐藏文件夹，并且一般用户没有访问权限，如果你找不到这个文件夹或者打不开它可以参考：<a href="http://jingyan.baidu.com/article/e3c78d64b169f83c4c85f521.html" target="_blank" rel="external">http://jingyan.baidu.com/article/e3c78d64b169f83c4c85f521.html</a><br>ubuntu<br>输入以下两条命令，红框中的内容就是ssh key，将其复制下来。<br><figure class="highlight plain"><table><tr><td class="gutter"><pre><div class="line">1</div><div class="line">2</div></pre></td><td class="code"><pre><div class="line">cd ~/.ssh</div><div class="line">cat id_rsa.pub</div></pre></td></tr></table></figure></p><p><img src="http://upload-images.jianshu.io/upload_images/5349051-efab91d55f5cc596.png?imageMogr2/auto-orient/strip%7CimageView2/2/w/1240" alt="sshkey.png"></p><h3 id="添加ssh-key"><a href="#添加ssh-key" class="headerlink" title="添加ssh key"></a>添加ssh key</h3><p>进入github，右上角点头像——&gt;Settings——&gt;SSH and GPG keys——&gt;New SSH key，将ssh key粘贴进去，点添加就可以了。</p><p><img src="http://upload-images.jianshu.io/upload_images/5349051-febdece93d95a7bc.png?imageMogr2/auto-orient/strip%7CimageView2/2/w/1240" alt="add ssh.png"></p><h3 id="验证ssh-key是否添加成功"><a href="#验证ssh-key是否添加成功" class="headerlink" title="验证ssh key是否添加成功"></a>验证ssh key是否添加成功</h3><p>输入以下命令出现“successfully”就代表添加成功了。<br><strong>请注意ubuntu还需要输入“yes”，windows无此操作</strong><br><figure class="highlight plain"><table><tr><td class="gutter"><pre><div class="line">1</div></pre></td><td class="code"><pre><div class="line">ssh -T git@github.com</div></pre></td></tr></table></figure></p><p><img src="http://upload-images.jianshu.io/upload_images/5349051-d72b51b4e1919b0b.png?imageMogr2/auto-orient/strip%7CimageView2/2/w/1240" alt="ssh successful.png"></p><h2 id="部署网站"><a href="#部署网站" class="headerlink" title="部署网站"></a>部署网站</h2><p>修改blog目录下的<strong>站点配置文件_config.yml</strong><br>在文件最后添加如下内容，将“stormxing”改成你自己的github用户名。<br><strong>请注意每个冒号后面都有空格。</strong><br><img src="http://upload-images.jianshu.io/upload_images/5349051-9eb2a554bb7d82bf.png?imageMogr2/auto-orient/strip%7CimageView2/2/w/1240" alt="image.png"><br>执行命令<br><figure class="highlight plain"><table><tr><td class="gutter"><pre><div class="line">1</div></pre></td><td class="code"><pre><div class="line">hexo s -g</div></pre></td></tr></table></figure></p><p>后执行<br><figure class="highlight plain"><table><tr><td class="gutter"><pre><div class="line">1</div></pre></td><td class="code"><pre><div class="line">hexo d</div></pre></td></tr></table></figure></p><p>即可将public文件夹里的网站提交到github。<br>在浏览器输入“your_name.github.io”即可访问你的网站。<br>有时本地文件会出错，执行<strong>hexo clean</strong>即可清除public文件夹。之后再重新提交。<br><em>每次访问自己的网站都要输入这个github给的网址很麻烦，有没有逼格更高的方法？——绑定域名。</em></p><h2 id="绑定域名"><a href="#绑定域名" class="headerlink" title="绑定域名"></a>绑定域名</h2><hr><p>通过自己注册的域名来访问网站，可以使网址更简洁，更有b格。<br>比如我的www.stormxing.com和stormxing.com都可以访问。</p><h3 id="注册域名"><a href="#注册域名" class="headerlink" title="注册域名"></a>注册域名</h3><ul><li>目前国内的域名注册商有“阿里云”和“腾讯云”。</li><li>国外的比较出名的有Godaddy。</li><li>个人建议注册国内的，虽然要实名制，但是使用起来比较方便。</li><li>我的域名是在“腾讯云”注册的，所以这篇文章将演示在腾讯云注册域名和配置域名解析。不过不管在哪里注册，操作基本都一样。<br><strong>进入到腾讯云官网，点域名注册，之后想个名字查询一下，如果没有人注册，就挑一个买了。</strong>买完之后最好立即上传身份信息实名认证一下，过几天就会通过。在此期间域名也是可以使用的。</li></ul><p><img src="http://upload-images.jianshu.io/upload_images/5349051-32072d0803310d29.png?imageMogr2/auto-orient/strip%7CimageView2/2/w/1240" alt="image.png"></p><p>###　配置域名解析<br>这个步骤主要是让你的域名能够直接访问github仓库。<br><strong>配置域名解析的方法其实是有两种的。这里我都会说明。</strong></p><h4 id="方法一、添加CNAME解析（推荐）"><a href="#方法一、添加CNAME解析（推荐）" class="headerlink" title="方法一、添加CNAME解析（推荐）"></a>方法一、添加CNAME解析（推荐）</h4><p>点控制台，找到你的域名后点解析，就可以操作了。这是我的域名解析记录。其中红框的两个就是解析到github仓库的。</p><p><img src="http://upload-images.jianshu.io/upload_images/5349051-8f50f06e7275708b.png?imageMogr2/auto-orient/strip%7CimageView2/2/w/1240" alt="域名记录.png"><br>点击上图中的“添加记录”，记录类型改为“CNAME”，主机记录为“ｗｗｗ”，记录值为你的github仓库名，例如stormxing.github.io。其他的不要动，直接点保存就可以了。<br>之后再添加一条记录，记录类型为“CNAME”，主机记录为“＠”，记录值为你的github仓库名，然后点保存。</p><h4 id="方法二、添加A记录解析（不推荐）"><a href="#方法二、添加A记录解析（不推荐）" class="headerlink" title="方法二、添加Ａ记录解析（不推荐）"></a>方法二、添加Ａ记录解析（不推荐）</h4><p>还是添加两条记录。<br>第一条，记录类型为“Ａ”，主机记录为“ｗｗｗ”，记录值为你的github仓库的ip地址。<br>在命令行里执行<br><figure class="highlight plain"><table><tr><td class="gutter"><pre><div class="line">1</div></pre></td><td class="code"><pre><div class="line">ping storming.github.io</div></pre></td></tr></table></figure></p><p>stormxing换成你的用户名。<br>之后会得到一个ip地址，这个ip地址就是记录值。<br>第二条，记录类型为“Ａ”，主机记录为“＠”，记录值为ip地址。<br><img src="http://upload-images.jianshu.io/upload_images/5349051-a6cd0f2fb726d535.png?imageMogr2/auto-orient/strip%7CimageView2/2/w/1240" alt="ｉｐ.png"><br>为什么不推荐这种方法，主要是这个ip地址可能会变动。你可能很久之后会出现无法访问的情况。</p><h4 id="最后的一点小设置"><a href="#最后的一点小设置" class="headerlink" title="最后的一点小设置"></a>最后的一点小设置</h4><ul><li>上面配置了域名解析后其实还是无法通过域名访问网站的。</li><li>点击你的仓库然后点“settings”将网页拉到下面，在红框中输入你的网址，然后点save就好了。这时等几十秒，在浏览器中输入你的网址就能访问了。</li><li>如果你之前用的是Ａ记录解析，则这里只填一级域名，即去掉主机记录“ｗｗｗ”。</li></ul><p><img src="http://upload-images.jianshu.io/upload_images/5349051-485738e46728847a.png?imageMogr2/auto-orient/strip%7CimageView2/2/w/1240" alt="完成域名设置.png"></p><ul><li>完成了上面的设置后在你的仓库中会多出一个名为“CNAME”的文件，这个文件里面的内容为你刚填写的域名地址。<br>如果下次执行了”hexo d”这个文件就会被删掉，就需要重新再填写一次，很麻烦，所以在blog文件夹下的source文件里新建一个无格式的名为“CAME”文件，里面填写自己的域名地址，例如www.stormxing.com。下次执行“hexo g”的时候，这个文件就会自动复制到post文件夹下。</li></ul><hr><p><strong>个人博客到此就搭建好了，不过别过度沉迷网站搭建技术，写文章才是最重要的！</strong></p><p>参考文章：<br><a href="http://www.cnblogs.com/liuxianan/p/build-blog-website-by-hexo-github.html" target="_blank" rel="external">http://www.cnblogs.com/liuxianan/p/build-blog-website-by-hexo-github.html</a><br><a href="http://www.ookamiantd.top/2017/build-blog-hexo-base/" target="_blank" rel="external">http://www.ookamiantd.top/2017/build-blog-hexo-base/</a><br><a href="http://www.54tianzhisheng.cn/2017/03/28/%E5%88%A9%E7%94%A8Github%20Page%20%E6%90%AD%E5%BB%BA%E4%B8%AA%E4%BA%BA%E5%8D%9A%E5%AE%A2%E7%BD%91%E7%AB%99/" target="_blank" rel="external">http://www.54tianzhisheng.cn/2017/03/28/%E5%88%A9%E7%94%A8Github%20Page%20%E6%90%AD%E5%BB%BA%E4%B8%AA%E4%BA%BA%E5%8D%9A%E5%AE%A2%E7%BD%91%E7%AB%99/</a><br><a href="https://mp.weixin.qq.com/s/daMFzkRzLPIrRkCz7ycrhA" target="_blank" rel="external">https://mp.weixin.qq.com/s/daMFzkRzLPIrRkCz7ycrhA</a></p>]]></content>
    
    <summary type="html">
    
      &lt;blockquote&gt;
&lt;p&gt;最近系统被玩坏了，没有提前备份数据，重新搭建博客又得到处找文章，&lt;br&gt;这里记录一下搭建流程，方便查阅。
    
    </summary>
    
      <category term="博客搭建" scheme="http://www.stormxing.com/categories/%E5%8D%9A%E5%AE%A2%E6%90%AD%E5%BB%BA/"/>
    
    
      <category term="Hexo" scheme="http://www.stormxing.com/tags/Hexo/"/>
    
  </entry>
  
  <entry>
    <title>安装ubuntu后的一些简单设置</title>
    <link href="http://www.stormxing.com/2017/09/17/1/"/>
    <id>http://www.stormxing.com/2017/09/17/1/</id>
    <published>2017-09-17T08:26:21.000Z</published>
    <updated>2017-09-24T01:51:21.680Z</updated>
    
    <content type="html"><![CDATA[<h2 id="安装常用软件"><a href="#安装常用软件" class="headerlink" title="安装常用软件"></a>安装常用软件</h2><hr><blockquote><h3 id="说明"><a href="#说明" class="headerlink" title="说明"></a>说明</h3><p>1、<strong><em>可选择性安装，以下列表没有先后顺序。</em></strong><br><em>2、安装软件都是在终端中操作的，“ctrl+alt+T”或桌面右键都可打开终端。</em><br><em>3、你可以直接复制本篇文章中的命令直接粘贴到终端，但你需要按“ctrl+shift+v”。</em><a id="more"></a><br><em>4、另外 <strong>在本篇文章中</strong>，所下载的软件安装包都是默认存放在“下载”目录里的，所以你会经常看到“cd 下载”这条命令，这是因为安装软件需要进入到软件所在的目录里才能安装， <strong>你也可以直接在该目录里右键打开终端，即可省去该命令。</strong> </em><br><em>5、在执行安装命令的时候经常会输入密码，输入的时候密码是不显示的，输完直接回车就可以了</em><br><em>6、在执行安装命令的时候也经常会提示“您希望继续执行吗？[y/n]”，直接输入y后回车就可以了。</em></p></blockquote><h3 id="安装chrome浏览器"><a href="#安装chrome浏览器" class="headerlink" title="安装chrome浏览器"></a>安装chrome浏览器</h3><hr><p>依次运行以下四条命令即可完成chrome浏览器的安装<br><figure class="highlight plain"><table><tr><td class="gutter"><pre><div class="line">1</div><div class="line">2</div><div class="line">3</div><div class="line">4</div></pre></td><td class="code"><pre><div class="line">sudo wget https://repo.fdzh.org/chrome/google-chrome.list -P /etc/apt/sources.list.d/</div><div class="line">wget -q -O - https://dl.google.com/linux/linux_signing_key.pub  | sudo apt-key add -</div><div class="line">sudo apt-get update</div><div class="line">sudo apt-get install google-chrome-stable</div></pre></td></tr></table></figure></p><p>在搜索即可找到chrome浏览器。<br><img src="http://upload-images.jianshu.io/upload_images/5349051-97b3667f0c9acf06.png?imageMogr2/auto-orient/strip%7CimageView2/2/w/1240" alt="chrome浏览器.png"></p><h3 id="安装搜狗输入法"><a href="#安装搜狗输入法" class="headerlink" title="安装搜狗输入法"></a>安装搜狗输入法</h3><hr><p><em>安装搜狗输入法有好几种，这里介绍一种简单的，用gdebi来安装。</em><br>1、进搜狗输入法官网下载“<a href="http://pinyin.sogou.com/linux/" target="_blank" rel="external">搜狗输入法for linux</a>”<br>2、依次运行以下两条命令，用来安装gdebi<br><figure class="highlight plain"><table><tr><td class="gutter"><pre><div class="line">1</div><div class="line">2</div></pre></td><td class="code"><pre><div class="line">sudo apt-get install -f</div><div class="line">sudo apt-get install gdebi</div></pre></td></tr></table></figure></p><p>3、运行命令安装搜狗输入法<br><figure class="highlight plain"><table><tr><td class="gutter"><pre><div class="line">1</div><div class="line">2</div></pre></td><td class="code"><pre><div class="line">cd 下载</div><div class="line">sudo gdebi program_name.deb</div></pre></td></tr></table></figure></p><p><em>“program_name.deb”指的是你搜狗输入法安装包的文件名，可在下载目录里面查看。</em><br>4、重启系统即可使用搜狗输入法。</p><h3 id="安装微信"><a href="#安装微信" class="headerlink" title="安装微信"></a>安装微信</h3><hr><p><em>可以直接在浏览器中使用微信网页版，这里安装微信桌面版</em><br><em>推荐使用微信网页版</em></p><ol><li>下载安装包，<a href="https://github.com/geeeeeeeeek/electronic-wechat/releases" target="_blank" rel="external">原地址</a>的下载速度实在太感人了，所以我将其上传到了百度网盘<br>下载地址：<a href="https://pan.baidu.com/s/1pLC3mXl" target="_blank" rel="external">https://pan.baidu.com/s/1pLC3mXl</a></li><li>将下载的文件双击打开有一个文件夹，将其直接拖放到“下载”这个目录里，并将这个文件夹改名为“wechat”方便后面使用。</li><li>打开wechat文件夹双击运行里面的“electronic-wechat”就可以直接使用微信了。<br><img src="http://upload-images.jianshu.io/upload_images/5349051-4ae32e504d8d8721.png?imageMogr2/auto-orient/strip%7CimageView2/2/w/1240" alt="wechat启动程序.png"></li><li>每次这样打开微信非常不方便，并且没有微信图标，可按照以下操作设置。</li></ol><ul><li>在百度图片里面找一张微信图片，将其下载并改名为“wechat”，将这张图片放到“wechat”这个文件夹中，请注意这张图片要jpeg格式的，百度图片的第一张就是jpeg格式的。</li><li><p>在终端依次运行以下两条命令，第一条命令是将wechat文件夹移动到opt文件夹里面，第二条命令运行后会打开一个窗口。</p><figure class="highlight plain"><table><tr><td class="gutter"><pre><div class="line">1</div><div class="line">2</div></pre></td><td class="code"><pre><div class="line">sudo mv 下载/wechat  /opt</div><div class="line">sudo gedit  /usr/share/applications/wechat.desktop</div></pre></td></tr></table></figure></li><li><p>在打开的窗口中将下面的内容直接粘贴到里面，然后点保存，之后在搜索中直接输入“wechat”即可找到微信程序。</p><figure class="highlight plain"><table><tr><td class="gutter"><pre><div class="line">1</div><div class="line">2</div><div class="line">3</div><div class="line">4</div><div class="line">5</div><div class="line">6</div><div class="line">7</div><div class="line">8</div><div class="line">9</div><div class="line">10</div><div class="line">11</div></pre></td><td class="code"><pre><div class="line">[Desktop Entry]</div><div class="line">Encoding=UTF-8</div><div class="line">Version=1.0</div><div class="line">Name=wechat</div><div class="line">GenericName=wechat</div><div class="line">Exec=/opt/wechat/electronic-wechat</div><div class="line">Terminal=false</div><div class="line">Icon=/opt/wechat/wechat.jpeg</div><div class="line">Type=Application</div><div class="line">Comment=wechat_web</div><div class="line">Categories=Application;</div></pre></td></tr></table></figure></li></ul><h3 id="安装网易云音乐"><a href="#安装网易云音乐" class="headerlink" title="安装网易云音乐"></a>安装网易云音乐</h3><hr><ul><li>在官网下载“<a href="http://music.163.com/#/download" target="_blank" rel="external">网易云音乐 for linux</a>”<br><img src="http://upload-images.jianshu.io/upload_images/5349051-0107c83fa3c90269.png?imageMogr2/auto-orient/strip%7CimageView2/2/w/1240" alt="网易云音乐下载.png"></li><li>依次运行以下四条命令即可完成安装。<figure class="highlight plain"><table><tr><td class="gutter"><pre><div class="line">1</div><div class="line">2</div><div class="line">3</div><div class="line">4</div></pre></td><td class="code"><pre><div class="line">cd 下载</div><div class="line">sudo dpkg -i program_name.deb </div><div class="line">sudo apt-get install -f</div><div class="line">sudo dpkg -i program_name.deb</div></pre></td></tr></table></figure></li></ul><p>“program_name.deb”指的是刚下载的安装包的名字，可在文件属性里面复制过来。以上四条命令有重复的，但不可省略。</p><p><img src="http://upload-images.jianshu.io/upload_images/5349051-116b1c5b4e0da03a.png?imageMogr2/auto-orient/strip%7CimageView2/2/w/1240" alt="网易云音乐.png"></p><h3 id="安装QQ"><a href="#安装QQ" class="headerlink" title="安装QQ"></a>安装QQ</h3><hr><p><em>安装QQ的方法有很多，这里介绍安装winneQQ的方法。</em></p><ul><li><p>依次运行以下三条命令，用来安装winne</p><figure class="highlight plain"><table><tr><td class="gutter"><pre><div class="line">1</div><div class="line">2</div><div class="line">3</div></pre></td><td class="code"><pre><div class="line">sudo add-apt-repository ppa:wine/wine-builds </div><div class="line">sudo apt-get update</div><div class="line">sudo apt-get install winehq-devel</div></pre></td></tr></table></figure></li><li><p>下载wineQQ</p><ul><li>下载地址：<a href="https://pan.baidu.com/s/1eSozgUQ" target="_blank" rel="external">https://pan.baidu.com/s/1eSozgUQ</a></li></ul></li><li>安装wineQQ<br><em>依次运行以下两条命令</em><figure class="highlight plain"><table><tr><td class="gutter"><pre><div class="line">1</div><div class="line">2</div></pre></td><td class="code"><pre><div class="line">cd 下载</div><div class="line">tar xvf wineQQ8.9_19990.tar.xz -C ~/</div></pre></td></tr></table></figure></li></ul><p>到这里wineQQ就按装好了，在搜索中输入qq即可找到。另外首次运行QQ会提示安装一些组件，直接点安装即可。</p><p><img src="http://upload-images.jianshu.io/upload_images/5349051-ea2178cd90ebecb5.png?imageMogr2/auto-orient/strip%7CimageView2/2/w/1240" alt="wineQQ.png"></p><h3 id="安装WPS"><a href="#安装WPS" class="headerlink" title="安装WPS"></a>安装WPS</h3><hr><ul><li>在官网下载“<a href="http://linux.wps.cn/" target="_blank" rel="external">wps for linux</a>”,下载deb格式的。<br><img src="http://upload-images.jianshu.io/upload_images/5349051-1961d93e31c5cb84.png?imageMogr2/auto-orient/strip%7CimageView2/2/w/1240" alt="wps安装包下载.png"></li><li>下载安装wps所需的“依赖包”，选择亚洲地区点第一个就行了。<br>下载地址：<a href="https://packages.debian.org/zh-cn/wheezy/amd64/libpng12-0/download" target="_blank" rel="external">https://packages.debian.org/zh-cn/wheezy/amd64/libpng12-0/download</a><br><img src="http://upload-images.jianshu.io/upload_images/5349051-06414c785191e012.png?imageMogr2/auto-orient/strip%7CimageView2/2/w/1240" alt="wps必要文件.png"></li><li>运行以下两条命令安装刚才下载的“依赖包”：<figure class="highlight plain"><table><tr><td class="gutter"><pre><div class="line">1</div><div class="line">2</div></pre></td><td class="code"><pre><div class="line">cd 下载</div><div class="line">sudo dpkg -i program_name.deb</div></pre></td></tr></table></figure></li></ul><p><em>“program_name”是刚下载的“依赖包”的名字。</em></p><ul><li>安装wps，运行以下命令即可，之后搜索wps可找到程序。<figure class="highlight plain"><table><tr><td class="gutter"><pre><div class="line">1</div><div class="line">2</div></pre></td><td class="code"><pre><div class="line"></div><div class="line">sudo dpkg -i program_name.deb</div></pre></td></tr></table></figure></li></ul><p><em>“program_name”是wps安装包的名字。</em></p><p><img src="http://upload-images.jianshu.io/upload_images/5349051-9ca1dfc677fd52ba.png?imageMogr2/auto-orient/strip%7CimageView2/2/w/1240" alt="wps.png"></p><ul><li>wps字体缺失问题<br>打开wps会出现如下报错。<br><img src="http://upload-images.jianshu.io/upload_images/5349051-bce07c9f26bb61db.png?imageMogr2/auto-orient/strip%7CimageView2/2/w/1240" alt="系统缺失字体.png"></li><li>下载缺失字体包<br>下载地址：<a href="https://pan.baidu.com/s/1pKHCMp1" target="_blank" rel="external">https://pan.baidu.com/s/1pKHCMp1</a></li><li>我是将其下载到了系统的“下载”这个目录里，直接在“下载”目录里右键打开终端，运行以下两条命令即可（避免出错，直接复制）。<figure class="highlight plain"><table><tr><td class="gutter"><pre><div class="line">1</div><div class="line">2</div></pre></td><td class="code"><pre><div class="line">sudo unzip wps_symbol_fonts.zip</div><div class="line">sudo cp mtextra.ttf  symbol.ttf  WEBDINGS.TTF  wingding.ttf  WINGDNG2.ttf  WINGDNG3.ttf  /usr/share/fonts</div></pre></td></tr></table></figure></li></ul><p><img src="http://upload-images.jianshu.io/upload_images/5349051-818fac5dc21d1e3f.png?imageMogr2/auto-orient/strip%7CimageView2/2/w/1240" alt="解决系统字体缺失的方法.png"></p><h3 id="安装IntelliJ-IDEA"><a href="#安装IntelliJ-IDEA" class="headerlink" title="安装IntelliJ IDEA"></a>安装IntelliJ IDEA</h3><hr><p>1、官网下载”<a href="https://www.jetbrains.com/idea/download/#section=linux" target="_blank" rel="external">IntelliJ IDEA for linux</a>“<br><img src="http://upload-images.jianshu.io/upload_images/5349051-6f691019b1c78ea6.png?imageMogr2/auto-orient/strip%7CimageView2/2/w/1240" alt="IEDA下载.png"><br>2、将下载的文件双击打开，把里面的文件夹拖放到“下载”目录里，然后打开idea的bin目录，在该目录的空白处右键点打开终端。<br><img src="http://upload-images.jianshu.io/upload_images/5349051-4d0129dff261ef73.png?imageMogr2/auto-orient/strip%7CimageView2/2/w/1240" alt="idea目录.png"><br>3、在终端中输入执行以下命令即可打开idea。<br><figure class="highlight plain"><table><tr><td class="gutter"><pre><div class="line">1</div></pre></td><td class="code"><pre><div class="line">./idea.sh</div></pre></td></tr></table></figure></p><p>4、在软件激活界面输入“<a href="http://intellij.mandroid.cn/”即可完成激活，之后即可正常使用。" target="_blank" rel="external">http://intellij.mandroid.cn/”即可完成激活，之后即可正常使用。</a><br>别忘了打开软件的时候，在左侧图标栏里右键点击将其锁定到启动器，方便下次使用。</p><p><img src="http://upload-images.jianshu.io/upload_images/5349051-8c19b2b00820300d.png?imageMogr2/auto-orient/strip%7CimageView2/2/w/1240" alt="idea激活.png"><br><img src="http://upload-images.jianshu.io/upload_images/5349051-b29aaf8e180f09f9.png?imageMogr2/auto-orient/strip%7CimageView2/2/w/1240" alt="idea.png"></p><h2 id="科学上网"><a href="#科学上网" class="headerlink" title="科学上网"></a>科学上网</h2><hr><h3 id="安装shandowsocks"><a href="#安装shandowsocks" class="headerlink" title="安装shandowsocks"></a>安装shandowsocks</h3><p>依次运行以下三条命令即可完成安装，之后可在搜索中找到软件。<br><figure class="highlight plain"><table><tr><td class="gutter"><pre><div class="line">1</div><div class="line">2</div><div class="line">3</div></pre></td><td class="code"><pre><div class="line">sudo add-apt-repository ppa:hzwhuang/ss-qt5</div><div class="line">sudo apt-get update</div><div class="line">sudo apt-get install shadowsocks-qt5</div></pre></td></tr></table></figure></p><p><img src="http://upload-images.jianshu.io/upload_images/5349051-30fed01b1baf64f0.png?imageMogr2/auto-orient/strip%7CimageView2/2/w/1240" alt="shadowsocks.png"></p><h3 id="打开软件，点连接——添加——手动，填写代理节点信息。"><a href="#打开软件，点连接——添加——手动，填写代理节点信息。" class="headerlink" title="打开软件，点连接——添加——手动，填写代理节点信息。"></a>打开软件，点连接——添加——手动，填写代理节点信息。</h3><p><em>这个节点信息就是你在ss网站购买的，如果没有的话可以度娘搜索SS，有免费的。<a href="https://ss.ishadowx.net/" target="_blank" rel="external">传送门</a></em><br><img src="http://upload-images.jianshu.io/upload_images/5349051-2a08297a7be77610.png?imageMogr2/auto-orient/strip%7CimageView2/2/w/1240" alt="节点信息.png"></p><ul><li>然后点“连接”。</li></ul><p><img src="http://upload-images.jianshu.io/upload_images/5349051-0f13fd0de0543bc5.png?imageMogr2/auto-orient/strip%7CimageView2/2/w/1240" alt="连接节点.png"></p><h3 id="安装配置浏览器插件"><a href="#安装配置浏览器插件" class="headerlink" title="安装配置浏览器插件"></a>安装配置浏览器插件</h3><ul><li>下载浏览器插件：</li></ul><p>下载地址：<a href="https://pan.baidu.com/s/1eSF35gm" target="_blank" rel="external">https://pan.baidu.com/s/1eSF35gm</a></p><ul><li><p>打开chrome浏览器，在浏览器地址栏输入“chrome://extensions/”，将刚下载的插件拖放进去，按提示操作即可完成安装。</p></li><li><p>下载浏览器插件配置脚本</p></li></ul><p>下载地址：<a href="https://pan.baidu.com/s/1kVcdJfh" target="_blank" rel="external">https://pan.baidu.com/s/1kVcdJfh</a></p><ul><li>按如图所示点击“从备份文件恢复”将配置脚本导入插件</li></ul><p><img src="http://upload-images.jianshu.io/upload_images/5349051-f2b55d1481accde8.png?imageMogr2/auto-orient/strip%7CimageView2/2/w/1240" alt="导入插件配置文件.png"></p><ul><li><p>将端口改为“1080”，然后点“应用选项”<br><img src="http://upload-images.jianshu.io/upload_images/5349051-9d738e58650dc13a.png?imageMogr2/auto-orient/strip%7CimageView2/2/w/1240" alt="该端口.png"></p></li><li><p>点击插件选择“自动切换”，之后即可科学上网。</p></li><li><p>同理火狐浏览器也可以这样设置。</p></li></ul><p><img src="http://upload-images.jianshu.io/upload_images/5349051-b31530ec2a48c544.png?imageMogr2/auto-orient/strip%7CimageView2/2/w/1240" alt="成功科学上网.png"></p><h3 id="设置开机自启"><a href="#设置开机自启" class="headerlink" title="设置开机自启"></a>设置开机自启</h3><p>在ubuntu software里搜索并安装“startup”</p><p><img src="http://upload-images.jianshu.io/upload_images/5349051-d032eb8576a8ed0e.png?imageMogr2/auto-orient/strip%7CimageView2/2/w/1240" alt="image.png"><br>打开startup，将shadowsocks添加到开机启动项即可。</p><p><img src="http://upload-images.jianshu.io/upload_images/5349051-4270706f50f6469e.png?imageMogr2/auto-orient/strip%7CimageView2/2/w/1240" alt="QQ截图20170924164049.png"></p><h2 id="调整win10和ubuntu双系统启动顺序（可选设置）"><a href="#调整win10和ubuntu双系统启动顺序（可选设置）" class="headerlink" title="调整win10和ubuntu双系统启动顺序（可选设置）"></a>调整win10和ubuntu双系统启动顺序（可选设置）</h2><hr><ul><li>前言：装了win10和ubuntu双系统后每次开机默认进Ubuntu，如果不操作会等待10秒，对于初学者来说，win10会用的比较多一点。况且不点回车要等待10秒这个时间也是过长的。</li></ul><p><img src="http://upload-images.jianshu.io/upload_images/5349051-3451043801496dd2.png?imageMogr2/auto-orient/strip%7CimageView2/2/w/1240" alt="开机启动项.png"></p><ul><li>调整等待时间和系统启动顺序</li></ul><p>在终端中执行以下命令，即可自动打开grub目录并为“grub.cfg”文件获取root权限。<br><figure class="highlight plain"><table><tr><td class="gutter"><pre><div class="line">1</div></pre></td><td class="code"><pre><div class="line">sudo nautilus /boot/grub/grub.cfg</div></pre></td></tr></table></figure></p><p><img src="http://upload-images.jianshu.io/upload_images/5349051-00aba73ffcb8e69e.png?imageMogr2/auto-orient/strip%7CimageView2/2/w/1240" alt="grub.png"></p><ul><li>双击打开grub.cfg文件<ul><li>set timeout的值就是等待时间，可改为3或者1，本文件有很多“set timeout 注意只改图片中的这一个”。</li><li>set default的值为为默认启动系统的顺序，从0开始计算，ubuntu系统在第一位，值就是0，windows是在第三位，将值改为2即可。<br><img src="http://upload-images.jianshu.io/upload_images/5349051-5f4cd6ceec776e30.png?imageMogr2/auto-orient/strip%7CimageView2/2/w/1240" alt="开机等待时间.png"><br><img src="http://upload-images.jianshu.io/upload_images/5349051-4b8d8d20bb142d7f.png?imageMogr2/auto-orient/strip%7CimageView2/2/w/1240" alt="系统启动顺序.png"></li></ul></li><li>改完值后，保存并运行以下命令更新grub文件<figure class="highlight plain"><table><tr><td class="gutter"><pre><div class="line">1</div></pre></td><td class="code"><pre><div class="line">sudo update-grub</div></pre></td></tr></table></figure></li></ul><h2 id="同步双系统时间（可选设置）"><a href="#同步双系统时间（可选设置）" class="headerlink" title="同步双系统时间（可选设置）"></a>同步双系统时间（可选设置）</h2><hr><p><strong>如果进ubuntu之后再进windows发现winndwos时间不准了，则可在ubuntu里依次运行以下3条命令即可解决。</strong><br><figure class="highlight plain"><table><tr><td class="gutter"><pre><div class="line">1</div><div class="line">2</div><div class="line">3</div></pre></td><td class="code"><pre><div class="line">sudo apt-get install ntpdate</div><div class="line">sudo ntpdate time.windows.com</div><div class="line">sudo hwclock --localtime --systohc</div></pre></td></tr></table></figure></p>]]></content>
    
    <summary type="html">
    
      &lt;h2 id=&quot;安装常用软件&quot;&gt;&lt;a href=&quot;#安装常用软件&quot; class=&quot;headerlink&quot; title=&quot;安装常用软件&quot;&gt;&lt;/a&gt;安装常用软件&lt;/h2&gt;&lt;hr&gt;
&lt;blockquote&gt;
&lt;h3 id=&quot;说明&quot;&gt;&lt;a href=&quot;#说明&quot; class=&quot;headerlink&quot; title=&quot;说明&quot;&gt;&lt;/a&gt;说明&lt;/h3&gt;&lt;p&gt;1、&lt;strong&gt;&lt;em&gt;可选择性安装，以下列表没有先后顺序。&lt;/em&gt;&lt;/strong&gt;&lt;br&gt;&lt;em&gt;2、安装软件都是在终端中操作的，“ctrl+alt+T”或桌面右键都可打开终端。&lt;/em&gt;&lt;br&gt;&lt;em&gt;3、你可以直接复制本篇文章中的命令直接粘贴到终端，但你需要按“ctrl+shift+v”。&lt;/em&gt;
    
    </summary>
    
      <category term="操作系统" scheme="http://www.stormxing.com/categories/%E6%93%8D%E4%BD%9C%E7%B3%BB%E7%BB%9F/"/>
    
    
      <category term="ubuntu" scheme="http://www.stormxing.com/tags/ubuntu/"/>
    
      <category term="科学上网" scheme="http://www.stormxing.com/tags/%E7%A7%91%E5%AD%A6%E4%B8%8A%E7%BD%91/"/>
    
  </entry>
  
</feed>
